event_id,operator_phase,phase_label,waveform_observation,training_action,quality,sample_count,sample_rate_hz,trigger_index,lost_sample_count,flags,peak_delta_post_counts,p95_delta_post_counts,rms_delta_post_counts,peak_step_post_counts,peak_gyro_post_counts,post_samples_over_50,post_samples_over_100,post_samples_over_200,peak_delta_post_ms,peak_step_post_ms,sha256
1,static,static,static_baseline,keep_background_candidate,candidate,2400,1600,800,0,0,19.3614,11.9554,7.1577,26.7582,13.0767,0,0,0,403.75,253.12,05d43f7f53226b21b792eb76601be4d7971687c73d54c933ddbc8f934d8cec90
2,static,static,static_baseline,keep_background_candidate,candidate,2400,1600,800,0,0,17.4018,11.3403,6.9551,21.5639,12.8841,0,0,0,86.88,731.88,db96d6e27f887b18e8f5250ba825b1f93632e8d876056dcc79a6416cfc143e54
3,static,static,static_baseline,keep_background_candidate,candidate,2400,1600,800,0,0,16.9799,11.2346,6.9518,19.6723,13.7477,0,0,0,678.75,716.25,6ce7c1cc77d4b43d6ba9c8204c4211a663c0c30500a792eab75413c8abda6823
4,static,static,static_baseline,keep_background_candidate,candidate,2400,1600,800,0,0,16.8958,11.2502,7.0634,19.9499,12.4097,0,0,0,989.38,126.88,15999dcc6ea3ec60ddb4b178b48256137a35d30b905612d5c38ac4576f3ddde3
5,static,static,static_baseline,keep_background_candidate,candidate,2400,1600,800,0,0,16.7247,11.9928,7.3698,25.1595,13.1909,0,0,0,21.88,611.88,2fac7deff01c366856514390bc6678ffa9d66de1f5e511194cee6e986d79d617
6,static,static,static_baseline,keep_background_candidate,candidate,2400,1600,800,0,0,19.4121,13.2342,8.0606,26.4008,13.0384,0,0,0,708.12,378.12,a447aa1b056190e7664b9166995fad44a6c0d14ecdb6547faa4f9ba01f352092
7,static,static,static_baseline,keep_background_candidate,candidate,2400,1600,800,0,0,18.9129,12.2312,7.5923,22.0227,14.2829,0,0,0,840.62,571.88,bd6851faf6d83fb8cd261875a4a2a50fd0fdb1cea510e0eaa4dc42e605954943
8,static,static,static_baseline,keep_background_candidate,candidate,2400,1600,800,0,0,16.2829,11.6886,7.1607,23.7276,13.6382,0,0,0,645.0,745.62,8da462a63c1a748fe2896b84e36eee11ac357670b741d1fc2c246fb64cbd3894
9,static,static,static_baseline,keep_background_candidate,candidate,2400,1600,800,0,0,16.7842,11.4574,6.9305,27.3313,12.8452,0,0,0,631.88,645.0,f1ae7b1fb3ec4267ae0aab4406d9731a95bd00edb2497bd94f302d9eb6d759d8
10,static,static,static_baseline,keep_background_candidate,candidate,2400,1600,800,0,0,22.4544,14.2529,8.8573,23.8747,14.1774,0,0,0,765.0,923.75,7e0f22e94602bc98de98cfc26cf53745a0dd1ebcb7c594a177d5222140a7a462
11,static,static,static_baseline,keep_background_candidate,candidate,2400,1600,800,0,0,20.1358,12.4983,7.8183,23.0,12.7279,0,0,0,382.5,16.88,af6e433ca2b46a285caee4aafdd016d7f01642fe27dbc9693d8fed1bf86f7420
12,static,static,static_baseline,keep_background_candidate,candidate,2400,1600,800,0,0,17.9097,11.5681,7.0811,25.2389,14.0357,0,0,0,149.38,492.5,531e2c990cad9bf6a267a6268b444de772c4676d9aede1467f45105960d5e6ed
13,static,static,static_baseline,keep_background_candidate,candidate,2400,1600,800,0,0,18.3003,11.1871,6.9103,23.1084,14.2829,0,0,0,26.88,706.88,15df0ebcb9dd1239306faa3b0c21687c9ffba7c5f9960b3fd48caeccf066d5a9
14,static,static,static_baseline,keep_background_candidate,candidate,2400,1600,800,0,0,17.0833,11.384,6.9534,20.4206,12.8452,0,0,0,435.62,548.12,7c2bf63cbd89140e9fc7bf047100e05996e0627f7a6f7bddd3b47618723c28de
15,static,static,static_baseline,keep_background_candidate,candidate,2400,1600,800,0,0,16.2597,11.7117,7.0452,24.6171,13.0767,0,0,0,999.38,78.12,e44c1a9469779ad7286c39f697f8dba7987178ab3866aca31e066fb5a4c63307
16,handling,handling,motion_present,review_only,review,2400,1600,800,0,0,293.7141,126.4914,65.4195,426.0481,361.1219,712,199,4,715.62,715.62,ba5e3f5ad25c2e0bd4c368b67f7cfeba2d2b1fa231b57fc24fea0073c065f572
17,handling,handling,motion_present,review_only,review,2400,1600,800,0,0,333.1782,259.976,125.0633,377.4944,609.558,1029,663,213,674.38,618.12,2e0c45f8a4307ee1b1f3a5d0efab8b64730c2f61288f3fcd49a1585926820f28
18,handling,handling,motion_edge_only,exclude_until_review,review,2400,1600,800,0,0,175.6925,16.9976,11.7488,64.3117,38.8844,4,2,0,999.38,998.75,550265e6483767a19683622dc0f53242582ea4e35330fbf820850e843d79e64c
19,handling,handling,motion_present,review_only,review,2400,1600,800,0,0,503.2033,70.7106,43.0595,867.3442,149.566,255,41,8,683.12,683.12,505f946e674bdeafd02e16d10375c6118e3fa40604e4a351866df3edbfb3e245
20,handling,handling,motion_present,review_only,review,2400,1600,800,0,0,151.3842,100.0801,52.1872,73.1779,180.0889,600,81,0,341.88,434.38,fb2df24ec1bb03ced0169835fbd209c672d476ef96eccb5fdc0aadf3a21300c2
21,handling,handling,motion_present,review_only,review,2400,1600,800,0,0,371.008,166.9101,71.726,265.9812,210.6181,529,205,52,419.38,420.0,eda1f25f41d540d78c45b33de8ce5c39a553891b31ebe52f095b121b72e74c61
22,handling,handling,motion_present,review_only,review,2400,1600,800,0,0,118.786,44.3387,21.2981,105.2853,211.0308,65,6,0,720.62,984.38,2594d767935b435ad25eb3cbc0c04d67e5be27fbd526333b78e7257188f7b90a
23,handling,handling,no_motion_captured,exclude_until_review,review,2400,1600,800,0,0,25.382,17.2386,10.5473,26.5518,13.6015,0,0,0,768.75,694.38,33c1d729738e1c5d228cc6687a4800c83cf4349abaf61a6076e61a7b4f95b263
24,handling,handling,motion_present,review_only,review,2400,1600,800,0,0,166.3049,44.2521,20.9908,175.3283,22.2036,67,9,0,942.5,935.0,817750d0e9a252aab4461673b3624c7fb33fa25e89f5e8b225cc5a0e5312abce
25,handling,handling,motion_present,review_only,review,2400,1600,800,0,0,641.0766,371.846,125.2571,237.6741,630.0286,345,220,142,861.88,878.12,eb4007ad7d41aea11b9ff25bb53e025a6de90c6ba76142ef6010bc0aada238ad
26,tap,tap,no_motion_captured,exclude_from_training,exclude,2400,1600,800,0,0,18.8601,11.9521,7.3623,22.561,13.4907,0,0,0,219.38,25.62,2b011f5b4a2e440dd5cd64d22c3e7cf9d92ef53b6b1dd1cf3e6c62870c4be8c3
27,tap,tap,no_motion_captured,exclude_from_training,exclude,2400,1600,800,0,0,38.2191,14.0421,8.5989,33.0757,12.8062,0,0,0,255.0,289.38,24919680ef7bc748088564641b9625e6e18c6150745b61a2396a5a25e8b02e3e
28,tap,tap,no_motion_captured,exclude_from_training,exclude,2400,1600,800,0,0,27.7478,13.6703,8.341,25.5734,12.3288,0,0,0,187.5,92.5,7dbb54d18cac9f2efaf20de5c42e17150292735c657140016991047782bea0cc
29,tap,tap,no_motion_captured,exclude_from_training,exclude,2400,1600,800,0,0,19.872,11.9645,7.4732,24.4336,13.4164,0,0,0,836.88,441.88,9b575d794ae8beb6730c2aac7ef75acbe6c704012c4d25e76c5d414496188b7c
30,tap,tap,no_motion_captured,exclude_from_training,exclude,2400,1600,800,0,0,29.9842,18.1162,9.5957,28.5657,12.8452,0,0,0,598.75,588.75,e527083ec01a0d7388c9c2ff552bd63c14b8d33fc931797f4452eda39169852d
31,tap,tap,no_motion_captured,exclude_from_training,exclude,2400,1600,800,0,0,16.4217,10.9541,6.9348,22.4944,14.3527,0,0,0,938.12,381.88,99187c2dc4bbb5db7067a6a8e85d4b49c097edfeeaa0408e8c5c249e1bc8872a
32,tap,tap,impact_present_strong,review_only,review,2400,1600,800,0,0,9855.7212,19.4726,609.4845,14180.8066,1019.8475,68,67,66,959.38,961.25,9e61f51fb9e62145c4d5ef73607aa5cbb45e2c63f2f5840ef022f02a70fc6a6a
33,tap,tap,no_motion_captured,exclude_from_training,exclude,2400,1600,800,0,0,16.5589,11.1175,6.9314,23.3666,13.9284,0,0,0,221.25,820.0,b56d94e863134cd2a8f65d91a8ba8a7832c18d4255af64109dd29a6d09eef5e0
34,tap,tap,no_motion_captured,exclude_from_training,exclude,2400,1600,800,0,0,32.1596,11.7518,7.5074,25.3969,12.8841,0,0,0,85.62,796.88,59a7523a4cc2029758cbe0e0c443cf0cdffd08c3448756052a91574622d02e94
35,tap,tap,no_motion_captured,exclude_from_training,exclude,2400,1600,800,0,0,16.4911,11.3112,6.9658,19.8242,12.8062,0,0,0,584.38,281.88,fb9f0965f146aa9dcdd70fccf1e842d90cdd41610c89fe789b56e8488deff8b1
36,tap,tap,no_motion_captured,exclude_from_training,exclude,2400,1600,800,0,0,16.7374,11.5141,7.0925,23.2809,12.3693,0,0,0,603.75,450.0,5909d9d225efc6396ca89299ecd3080a64f5deef2ecede5de634f95db29954c0
37,tap,tap,no_motion_captured,exclude_from_training,exclude,2400,1600,800,0,0,17.9375,11.5731,7.096,24.1868,12.7671,0,0,0,453.75,846.25,dbd492f056b3a756a8a39cc2d3b1414d61d8dd29c7eb8e7c98d06460c4604d81
38,tap,tap,no_motion_captured,exclude_from_training,exclude,2400,1600,800,0,0,18.3195,11.1443,6.9685,24.5561,12.8452,0,0,0,528.75,12.5,d776d43953aba2bed9ca0a031e1b5b5cc55f128efd1ce3043bbf78e5be3fb54a
39,tap,tap,no_motion_captured,exclude_from_training,exclude,2400,1600,800,0,0,19.437,12.0802,7.5006,22.1133,12.2474,0,0,0,55.0,878.75,53b71d321f76e8cc059cfc3453ff37047362637245aecf1c8c83c60cac421f69
40,tap,tap,no_motion_captured,exclude_from_training,exclude,2400,1600,800,0,0,17.3341,11.6672,7.185,23.3238,13.1909,0,0,0,993.12,89.38,5f97c85f37653a6dcd735d1a647ecfcd48379bf0a60fd82a421641c4688997d3
41,tap,tap,impact_present_weak,exclude_until_review,review,2400,1600,800,0,0,151.7572,26.8523,14.2339,213.1338,18.412,25,3,0,710.62,710.62,8a506b47561dcf0f91cdd99076c57bec83a65a963e984b64015079b129c50a65
